model,dice,iou,miou,accuracy,precision,sensitivity,specificity,hd95_mean,hd95_std,valid_hd95_count,TP,FP,FN,TN
deeplabv3plus,0.553607,0.382750,0.382750,0.936650,0.765960,0.433441,0.986801,57.744755,46.456911,90,252292,77088,329776,5763372
