model,dice,iou,miou,accuracy,precision,sensitivity,specificity,hd95_mean,hd95_std,valid_hd95_count,TP,FP,FN,TN
unet,0.494875,0.328793,0.328793,0.915546,0.540328,0.456476,0.961298,64.796843,46.498281,92,265700,226038,316368,5614422
